-- Автоматически сгенерированный скрипт заполнения данных CyberShield
SET FOREIGN_KEY_CHECKS=0;
TRUNCATE TABLE activity_jury;
TRUNCATE TABLE activities;
TRUNCATE TABLE events;
TRUNCATE TABLE team_participants;
TRUNCATE TABLE teams;
TRUNCATE TABLE conference_users;
TRUNCATE TABLE cities;
TRUNCATE TABLE countries;
INSERT INTO countries (id, name, iso_code) VALUES (1, 'Российская Федерация', 'RU');
INSERT INTO cities (id, name, country_id) VALUES
    (1, 'Абаза', 1),
    (2, 'Абакан', 1),
    (3, 'Абдулино', 1),
    (4, 'Абинск', 1),
    (6, 'Агрыз', 1),
    (7, 'Адыгейск', 1),
    (8, 'Азнакаево', 1),
    (9, 'Азов', 1),
    (11, 'Аксай', 1),
    (16, 'Алейск', 1),
    (22, 'Алзамай', 1),
    (23, 'Алупка', 1),
    (24, 'не призн.', 1),
    (27, 'Альметьевск', 1),
    (28, 'Амурск', 1),
    (30, 'Анапа', 1),
    (31, 'Ангарск', 1),
    (33, 'Анжеро-Судженск', 1),
    (34, 'Анива', 1),
    (35, 'Апатиты', 1),
    (38, 'Арамиль', 1),
    (40, 'Ардатов', 1),
    (43, 'Аркадак', 1),
    (45, 'Армянск', 1),
    (47, 'Арсеньев', 1),
    (50, 'Артёмовск', 1),
    (51, 'Артёмовский', 1),
    (52, 'Архангельск', 1),
    (53, 'Асбест', 1),
    (54, 'Асино', 1),
    (55, 'Астрахань', 1),
    (56, 'Аткарск', 1),
    (57, 'Ахтубинск', 1),
    (63, 'Багратионовск', 1),
    (64, 'Байкальск', 1),
    (66, 'Бакал', 1),
    (67, 'Баксан', 1),
    (71, 'Балашиха', 1),
    (72, 'Балашов', 1),
    (73, 'Балей', 1),
    (74, 'Балтийск', 1),
    (76, 'Барнаул', 1),
    (77, 'Барыш', 1),
    (78, 'Батайск', 1),
    (80, 'не призн.', 1),
    (81, 'Бежецк', 1),
    (82, 'Белая Калитва', 1),
    (83, 'Белая Холуница', 1),
    (84, 'Белгород', 1),
    (90, 'Белогорск', 1),
    (94, 'Беломорск', 1);
INSERT INTO conference_users (id, full_name, email, role, birth_date, city_id, organization, phone, photo_path) VALUES
    (1, 'Агафонов Давид Артёмович', 'lry2ko5t031w@gmail.com', 'ORGANIZER', '1995-10-14', 27, 'Оргкомитет CyberShield', '7(65)706-55-85', 'people/organizer/foto8.jpg'),
    (2, 'Афанасьева Жанна Валентиновна', 'agapow@yahoo.com', 'PARTICIPANT', '1988-01-04', 34, '', '9306616931', 'people/participant/foto61.jpg'),
    (3, 'Боброва Джема Феликсовна', 'msroth@hotmail.com', 'PARTICIPANT', '1990-07-03', 28, '', '9654933966', 'people/participant/foto67.jpg'),
    (4, 'Большаков Августин Алексеевич', 'juanita.kuvalis@yahoo.com', 'JURY', '1978-07-12', 52, 'ИТ', '7(173)770-55-13', 'people/jury/foto23.jpg'),
    (5, 'Бурова Келен Натановна', 'ervbd91pfcoi@mail.com', 'PARTICIPANT', '1990-09-19', 54, '', '9184181029', 'people/participant/foto2.jpg'),
    (6, 'Васильев Всеволод Давидович', '6z92wongmash@tutanota.com', 'ORGANIZER', '1988-10-16', 51, 'Оргкомитет CyberShield', '7(354)903-53-67', 'people/organizer/foto1.jpg'),
    (7, 'Виноградова Эмилия Валерьевна', 'nl81b9i7s0ka@gmail.com', 'MODERATOR', '1991-10-25', 90, 'IT-инфраструктура', '7(16)788-42-97', 'people/moderator/foto23.jpg'),
    (8, 'Власов Арсений Львович', 'sohzld6c52mv@gmail.com', 'ORGANIZER', '1980-05-28', 31, 'Оргкомитет CyberShield', '7(4297)539-13-81', 'people/organizer/foto6.jpg'),
    (9, 'Галкина Верона Васильевна', 'obuckridge@sipes.com', 'JURY', '1969-05-18', 35, 'Дизайн', '7(880)544-61-83', 'people/jury/foto21.jpg'),
    (10, 'Герасимова Айлин Ефимовна', 'loraine.aufderhar@johnston.info', 'JURY', '1966-06-09', 53, 'Дизайн', '7(835)478-61-60', 'people/jury/foto22.jpg'),
    (11, 'Горшкова Дина Тарасовна', 'sethbrown@aol.com', 'PARTICIPANT', '1991-08-13', 7, '', '9184188073', 'people/participant/foto70.jpg'),
    (12, 'Гришин Вениамин Петрович', 'kaela97@hotmail.com', 'JURY', '1954-10-15', 72, 'Информационная безопасность', '7(420)788-04-09', 'people/jury/foto28.jpg'),
    (13, 'Гришин Владислав Аркадьевич', 'gino.baumbach@gmail.com', 'JURY', '1950-08-31', 34, 'ИТ', '7(207)088-79-39', 'people/jury/foto29.jpg'),
    (14, 'Громова Сильва Адольфовна', 'sisyphus@live.com', 'PARTICIPANT', '1990-06-13', 52, '', '9560567521', 'people/participant/foto66.jpg'),
    (15, 'Гуляева Ирэна Юрьевна', 'ftgvh2xbdaps@tutanota.com', 'PARTICIPANT', '1992-10-03', 38, '', '918413939', 'people/participant/foto1.jpg'),
    (16, 'Гущина Кристина Львовна', 'bxk06h5touyr@mail.com', 'MODERATOR', '1966-06-28', 47, 'Информационная безопасность', '7(023)826-25-26', 'people/moderator/foto16.jpg'),
    (17, 'Давыдова Сандра Богуславовна', 'bbirth@gmail.com', 'PARTICIPANT', '1989-12-27', 55, '', '9848778764', 'people/participant/foto64.jpg'),
    (18, 'Дроздова Винетта Германовна', 'wl652rgtk9js@gmail.com', 'PARTICIPANT', '1996-06-17', 1, '', '9184181035', 'people/participant/foto6.jpg'),
    (19, 'Егорова Ева Михайловна', 'doj5r1m8xnky@gmail.com', 'MODERATOR', '1987-06-15', 80, 'IT в бизнесе', '7(05)441-48-14', 'people/moderator/foto14.jpg'),
    (20, 'Ершова Нора Федотовна', 'techie@outlook.com', 'PARTICIPANT', '1987-03-26', 71, '', '9604240711', 'people/participant/foto60.jpg'),
    (21, 'Зорин Дмитрий Маркович', 'ofdt4z1bijq0@tutanota.com', 'MODERATOR', '1993-09-07', 57, 'IT в бизнесе', '7(79)644-01-06', 'people/moderator/foto10.jpg'),
    (22, 'Зорин Марк Ярославович', 'g7kwp8lu65xi@tutanota.com', 'MODERATOR', '1961-03-09', 82, 'Стартапы', '7(54)522-60-54', 'people/moderator/foto13.jpg'),
    (23, 'Зотова Анна Тимуровна', 'ac6yxzg7rl5k@mail.com', 'MODERATOR', '1990-09-21', 11, 'Разработка приложений', '7(488)643-19-98', 'people/moderator/foto8.jpg'),
    (24, 'Иванов Сергей Степанович', 'oitzvs1mylj2@gmail.com', 'MODERATOR', '1993-09-01', 83, 'IT-инфраструктура', '7(4020)034-48-35', 'people/moderator/foto21.jpg'),
    (25, 'Иванов Тимур Иванович', 'ws7nxyhd6g1o@yahoo.com', 'MODERATOR', '1955-08-30', 6, 'Информационная безопасность', '7(5939)489-85-18', 'people/moderator/foto20.jpg'),
    (26, 'Калинина Маргарита Анатольевна', 'bcevc@hotmail.com', 'PARTICIPANT', '1991-06-08', 74, '', '9645715650', 'people/participant/foto69.jpg'),
    (27, 'Корнилова Габи Георгьевна', 'deja76@mante.info', 'JURY', '1962-12-26', 64, 'Информационная безопасность', '7(809)651-85-96', 'people/jury/foto30.jpg'),
    (28, 'Королёва Лаура Пётровна', 'p3y4b981xwdl@outlook.com', 'PARTICIPANT', '1995-07-31', 24, '', '91841882942', 'people/participant/foto3.jpg'),
    (29, 'Кошелев Лука Артёмович', 'lilly.rodriguez@yahoo.com', 'JURY', '1995-05-30', 81, 'ИТ', '7(375)644-35-80', 'people/jury/foto25.jpg'),
    (30, 'Крылова Рая Всеволодовна', 'chaikin@yahoo.ca', 'PARTICIPANT', '1988-04-05', 73, '', '9572656068', 'people/participant/foto62.jpg'),
    (31, 'Кудрявцева Виктория Романовна', '26yf8xbcntgp@gmail.com', 'MODERATOR', '1953-01-27', 30, 'Разработка приложений', '7(7804)582-64-90', 'people/moderator/foto17.jpg'),
    (32, 'Кудряшова Виктория Дмитриевна', 't1wpou7merxi@yahoo.com', 'ORGANIZER', '1999-02-13', 16, 'Оргкомитет CyberShield', '7(427)939-24-67', 'people/organizer/foto10.jpg'),
    (33, 'Кузнецов Елисей Александрович', 'sn4xvg8wyb0h@outlook.com', 'ORGANIZER', '1983-12-19', 3, 'Оргкомитет CyberShield', '7(698)667-22-45', 'people/organizer/foto4.jpg'),
    (34, 'Ларионова Марина Владимировна', 'sandrine84@gmail.com', 'JURY', '1950-06-06', 94, 'ИТ', '7(521)121-28-90', 'people/jury/foto26.jpg'),
    (35, 'Лукина Ксения Романовна', '23rgct5v1myx@gmail.com', 'PARTICIPANT', '1990-09-18', 2, '', '9184181038', 'people/participant/foto7.jpg'),
    (36, 'Малахов Александр Фёдорович', 'wyo6k9emv1j5@mail.com', 'MODERATOR', '1957-05-18', 78, 'Разработка приложений', '7(905)793-68-23', 'people/moderator/foto12.jpg'),
    (37, 'Мартынова Ева Семёновна', 'ma87ser3gkj9@yahoo.com', 'MODERATOR', '1984-03-24', 54, 'Информационная безопасность', '7(087)267-87-85', 'people/moderator/foto24.jpg'),
    (38, 'Масленников Родион Филиппович', '3kma18t5furi@gmail.com', 'MODERATOR', '1952-06-09', 24, 'Стартапы', '7(23)912-71-67', 'people/moderator/foto19.jpg'),
    (39, 'Маслова Екатерина Макаровна', 'a1v0lgxsz3qb@mail.com', 'ORGANIZER', '1983-10-26', 40, 'Оргкомитет CyberShield', '7(49)638-66-62', 'people/organizer/foto7.jpg'),
    (40, 'Маслова Марфа Феликсовна', 'pearlie.watsica@wintheiser.com', 'JURY', '1997-11-22', 52, 'Биг Дата', '7(615)741-11-77', 'people/jury/foto27.jpg'),
    (41, 'Медведев Захар Даниилович', 'zo6nye42s87t@yahoo.com', 'MODERATOR', '1960-04-11', 63, 'Стартапы', '7(36)230-79-77', 'people/moderator/foto27.jpg'),
    (42, 'Михеева Аделия Авксентьевна', '4hu6f8dxvngq@tutanota.com', 'PARTICIPANT', '1989-06-11', 64, '', '9182394582', 'people/participant/foto9.jpg'),
    (43, 'Морозов Ким Демьянович', 'ibode@lebsack.com', 'JURY', '1981-10-11', 67, 'ИТ', '7(518)761-85-69', 'people/jury/foto24.jpg'),
    (44, 'Мышкина Триана Геннадьевна', 'i4fs8e6mlk5p@yahoo.com', 'PARTICIPANT', '1981-12-30', 54, '', '9184189137', 'people/participant/foto8.jpg'),
    (45, 'Новиков Фёдор Макарович', 'jkp23vlzsqei@gmail.com', 'ORGANIZER', '1980-08-03', 33, 'Оргкомитет CyberShield', '7(6562)925-01-77', 'people/organizer/foto2.jpg'),
    (46, 'Новикова Александра Александровна', '0z4fvq65c7tg@gmail.com', 'MODERATOR', '1982-09-02', 76, 'Стартапы', '7(1472)122-56-07', 'people/moderator/foto18.jpg'),
    (47, 'Попова Вида Тимофеевна', 'lbecchi@yahoo.ca', 'PARTICIPANT', '1989-10-25', 64, '', '9117440314', 'people/participant/foto63.jpg'),
    (48, 'Прохорова Сабина Созоновна', 'library@sbcglobal.net', 'PARTICIPANT', '1990-01-16', 77, '', '9405002072', 'people/participant/foto65.jpg'),
    (49, 'Рыжов Роман Константинович', '42thql96cwe5@yahoo.com', 'MODERATOR', '1981-12-30', 67, 'Разработка приложений', '7(1009)025-64-70', 'people/moderator/foto29.jpg'),
    (50, 'Рябова София Матвеевна', '9zaecohlw2xy@tutanota.com', 'ORGANIZER', '1998-08-10', 33, 'Оргкомитет CyberShield', '7(38)393-11-43', 'people/organizer/foto5.jpg'),
    (51, 'Свиридов Тимофей Александрович', '82zju4yritwo@mail.com', 'MODERATOR', '1991-07-22', 84, 'Разработка приложений', '7(68)882-28-10', 'people/moderator/foto26.jpg'),
    (52, 'Соловьев Тимур Константинович', 'b1p4ur8nsedj@yahoo.com', 'MODERATOR', '1992-09-03', 45, 'IT-инфраструктура', '7(1828)504-39-49', 'people/moderator/foto11.jpg'),
    (53, 'Спиридонов Ярослав Сергеевич', 'las6pufjkv45@outlook.com', 'MODERATOR', '1969-04-22', 64, 'IT-инфраструктура', '7(17)843-77-26', 'people/moderator/foto22.jpg'),
    (54, 'Степанова Розалия Евсеевна', '8e9kvxq6z70o@mail.com', 'PARTICIPANT', '1994-11-02', 24, '', '9184180129', 'people/participant/foto4.jpg'),
    (55, 'Тимофеева Евгения Викторовна', 'obnk82vzpg34@yahoo.com', 'PARTICIPANT', '1982-01-02', 11, '', '9184181203', 'people/participant/foto5.jpg'),
    (56, 'Тихонова Елизавета Александровна', '0cejwmnpqtb6@gmail.com', 'MODERATOR', '1955-01-07', 34, 'Информационная безопасность', '7(2594)224-28-37', 'people/moderator/foto28.jpg'),
    (57, 'Федотова Варвара Сергеевна', 'omrjzf0pc8n6@outlook.com', 'ORGANIZER', '1996-12-05', 2, 'Оргкомитет CyberShield', '7(40)420-24-06', 'people/organizer/foto9.jpg'),
    (58, 'Фокина Алия Юлиановна', 'dodong@yahoo.com', 'PARTICIPANT', '1990-11-27', 53, '', '9973296978', 'people/participant/foto68.jpg'),
    (59, 'Фролова Владислава Савельевна', 'dncmxp1vqr4t@tutanota.com', 'ORGANIZER', '1999-07-13', 43, 'Оргкомитет CyberShield', '7(12)981-33-56', 'people/organizer/foto3.jpg'),
    (60, 'Царева Виктория Давидовна', 'iunhxq41tgr5@tutanota.com', 'MODERATOR', '1988-07-03', 33, 'IT в бизнесе', '7(567)103-73-32', 'people/moderator/foto9.jpg'),
    (61, 'Яковлева Анисия Григорьевна', 'dfmygtwpecj9@tutanota.com', 'MODERATOR', '1997-09-13', 53, 'Информационная безопасность', '7(798)711-92-89', 'people/moderator/foto25.jpg');
INSERT INTO events (id, title, start_date, end_date, city_id, venue, image_path) VALUES
    (1, 'Всероссийский хакатон neuromedia 2017 по разработке продуктов на стыке информационных технологий, медиа и нейронных сетей', '2022-10-26', '2022-10-26', 34, 'Город 34', 'events/1.jpg'),
    (2, 'Встреча #3 клуба ITBizRadio на тему: «уборка» — выкидываем ненужные навыки, инструменты и ограничения»', '2022-07-14', '2022-07-16', 34, 'Город 34', 'events/2.jpg'),
    (3, 'Встреча клуба «Leader stories»: Мотивирующее руководство', '2023-11-09', '2023-11-10', 2, 'Город 2', 'events/3.jpg'),
    (4, 'Встреча клуба руководителей «Leader Stories»: Постановка целей команде', '2023-07-06', '2023-07-07', 66, 'Город 66', 'events/4.jpg'),
    (5, 'Быстрее, выше, сильнее: как спорт помогает бизнесу и корпорациям', '2023-04-13', '2023-04-15', 4, 'Город 4', 'events/5.jpg'),
    (6, 'Встреча клуба Leader Stories «Мотивирующее руководство»', '2022-02-20', '2022-02-22', 76, 'Город 76', 'events/6.jpg'),
    (7, 'Встреча клуба Leader Stories в формате настольной трансформационной коучинговой игры «УниверсУм»', '2023-10-10', '2023-10-11', 78, 'Город 78', 'events/7.jpg'),
    (8, 'Встреча пользователей PTV в России', '2022-04-16', '2022-04-18', 50, 'Город 50', 'events/8.jpg'),
    (9, 'Встреча сообщества CocoaHeads Russia', '2023-07-01', '2023-07-03', 78, 'Город 78', 'events/9.jpg'),
    (10, 'Встреча СПб СоА 16 апреля. Репетиция докладов к Analyst Days', '2022-10-18', '2022-10-18', 78, 'Город 78', 'events/10.jpg'),
    (11, 'Встреча JUG.ru с Венкатом Субраманиамом — Design Patterns in the Light of Lambda Expressions', '2023-08-26', '2023-08-26', 56, 'Город 56', 'events/11.jpg'),
    (12, 'Встреча №3 HR-клуба Моего круга', '2022-11-27', '2022-11-27', 45, 'Город 45', 'events/12.jpg'),
    (13, 'Встреча №4 HR-клуба «Моего круга»', '2023-10-31', '2023-11-01', 78, 'Город 78', 'events/13.jpg'),
    (14, 'Встреча SPb Python Community', '2022-07-02', '2022-07-04', 9, 'Город 9', 'events/14.jpg'),
    (15, 'Встреча SpbDotNet №36', '2022-10-14', '2022-10-16', 8, 'Город 8', 'events/15.jpg'),
    (16, 'Встреча SpbDotNet №40', '2023-05-08', '2023-05-09', 23, 'Город 23', 'events/16.jpg'),
    (17, 'Встреча SpbDotNet №44', '2022-05-10', '2022-05-11', 56, 'Город 56', 'events/17.jpg'),
    (18, 'Вторая международная конференция и выставка «ЦОД: модели, сервисы, инфраструктура - 2018»', '2022-03-03', '2022-03-04', 33, 'Город 33', 'events/18.jpg'),
    (19, 'Выбор и создание методов решения аналитических задач', '2023-09-13', '2023-09-14', 22, 'Город 22', 'events/19.jpg'),
    (20, 'Выгорание: от бесплатного печенья до депрессии', '2023-11-11', '2023-11-13', 4, 'Город 4', 'events/20.jpg');
INSERT INTO activities (id, event_id, name, start_time, end_time, moderator_id, winner_team) VALUES
    (1, 3, 'Лидерство в бизнесе', '2023-11-09 09:00:00', '2023-11-09 11:00:00', 60, NULL),
    (2, 3, 'Технология принятия решений', '2023-11-10 10:45:00', '2023-11-10 12:45:00', 21, NULL),
    (3, 3, 'Искусство коучинга', '2023-11-10 12:30:00', '2023-11-10 14:30:00', 23, NULL),
    (4, 5, 'Переговоры от "А" до "Я"', '2023-04-13 09:00:00', '2023-04-13 11:00:00', 52, NULL),
    (5, 5, 'Телефонные переговоры', '2023-04-14 10:45:00', '2023-04-14 12:45:00', 36, NULL),
    (6, 5, 'Навыки подготовки', '2023-04-14 12:30:00', '2023-04-14 14:30:00', 22, NULL),
    (7, 8, 'Новые продукты и версии', '2022-04-16 09:00:00', '2022-04-16 11:00:00', 19, NULL),
    (8, 8, 'Big Data', '2022-04-17 10:45:00', '2022-04-17 12:45:00', 16, NULL),
    (9, 8, 'Must Have 21 века', '2022-04-17 12:30:00', '2022-04-17 14:30:00', 31, NULL),
    (10, 10, 'Управление знаниями', '2022-10-18 09:00:00', '2022-10-18 11:00:00', 46, NULL),
    (11, 10, 'Коммуникативные неудачи', '2022-10-18 10:45:00', '2022-10-18 12:45:00', 38, NULL),
    (12, 10, 'Дизайн-мышление', '2022-10-19 12:30:00', '2022-10-19 14:30:00', 25, NULL),
    (13, 12, 'Технические собеседования', '2022-11-27 09:00:00', '2022-11-27 11:00:00', 24, NULL),
    (14, 12, 'Исследование рынка', '2022-11-28 10:45:00', '2022-11-28 12:45:00', 53, NULL),
    (15, 12, 'Рекрутинг', '2022-11-29 12:30:00', '2022-11-29 14:30:00', 7, NULL),
    (16, 13, 'Kanban', '2023-10-31 09:00:00', '2023-10-31 11:00:00', 37, NULL),
    (17, 13, 'Способы поиска специалистов', '2023-10-31 10:45:00', '2023-10-31 12:45:00', 61, NULL),
    (18, 13, 'Роли HR', '2023-10-31 12:30:00', '2023-10-31 14:30:00', 51, NULL),
    (19, 14, 'Осознанность личных целей', '2022-07-02 09:00:00', '2022-07-02 11:00:00', 41, NULL),
    (20, 14, 'Soft skills', '2022-07-02 10:45:00', '2022-07-02 12:45:00', 56, NULL),
    (21, 14, 'Развитие проактивности', '2022-07-03 12:30:00', '2022-07-03 14:30:00', 49, NULL),
    (22, 15, 'Введение в IT-субкультуру', '2022-10-14 09:00:00', '2022-10-14 11:00:00', 25, NULL),
    (23, 15, 'Управление знаниями', '2022-10-14 10:45:00', '2022-10-14 12:45:00', 24, NULL),
    (24, 15, 'Развитие проактивности', '2022-10-14 16:00:00', '2022-10-14 18:00:00', 53, NULL),
    (25, 16, 'Идельный результат', '2023-05-08 09:00:00', '2023-05-08 11:00:00', 61, NULL),
    (26, 16, 'Тайны и секреты', '2023-05-09 10:45:00', '2023-05-09 12:45:00', 51, NULL),
    (27, 16, 'Рычаги', '2023-05-09 12:30:00', '2023-05-09 14:30:00', 41, NULL),
    (28, 19, 'Войти в ТОП', '2023-09-13 09:00:00', '2023-09-13 11:00:00', 23, NULL),
    (29, 19, 'Секреты продвижения', '2023-09-13 10:45:00', '2023-09-13 12:45:00', 52, NULL),
    (30, 19, 'Руководство проектами', '2023-09-14 12:30:00', '2023-09-14 14:30:00', 36, NULL);
INSERT INTO activity_jury (activity_id, user_id) VALUES
    (1, 9),
    (1, 40),
    (1, 34),
    (1, 34),
    (2, 10),
    (2, 4),
    (2, 12),
    (2, 40),
    (2, 40),
    (3, 4),
    (3, 43),
    (3, 12),
    (3, 12),
    (4, 34),
    (4, 43),
    (4, 10),
    (4, 29),
    (5, 4),
    (5, 40),
    (5, 29),
    (5, 4),
    (5, 34),
    (6, 43),
    (6, 12),
    (6, 40),
    (7, 29),
    (7, 9),
    (7, 40),
    (7, 34),
    (7, 29),
    (8, 34),
    (8, 10),
    (8, 12),
    (8, 40),
    (8, 34),
    (9, 4),
    (9, 12),
    (9, 40),
    (10, 43),
    (10, 29),
    (10, 34),
    (11, 29),
    (11, 40),
    (11, 29),
    (11, 34),
    (11, 40),
    (12, 34),
    (12, 12),
    (12, 40),
    (13, 9),
    (13, 34),
    (13, 13),
    (13, 10),
    (14, 10),
    (14, 40),
    (14, 40),
    (14, 27),
    (14, 4),
    (15, 4),
    (15, 12),
    (15, 12),
    (15, 43),
    (16, 40),
    (16, 34),
    (16, 9),
    (16, 10),
    (17, 29),
    (17, 12),
    (17, 40),
    (17, 10),
    (17, 4),
    (18, 34),
    (18, 13),
    (18, 12),
    (18, 4),
    (18, 43),
    (19, 43),
    (19, 43),
    (20, 29),
    (20, 29),
    (20, 34),
    (20, 10),
    (20, 13),
    (21, 34),
    (21, 40),
    (21, 4),
    (21, 27),
    (22, 40),
    (22, 43),
    (22, 13),
    (22, 29),
    (23, 12),
    (23, 29),
    (23, 27),
    (23, 34),
    (24, 13),
    (24, 34),
    (24, 40),
    (25, 10),
    (25, 12),
    (25, 34),
    (25, 10),
    (26, 4),
    (26, 40),
    (26, 13),
    (26, 4),
    (27, 12),
    (27, 27),
    (27, 43),
    (28, 40),
    (28, 43),
    (28, 29),
    (28, 10),
    (29, 12),
    (29, 29),
    (29, 13),
    (29, 34),
    (29, 4),
    (30, 13),
    (30, 27),
    (30, 40),
    (30, 43);
INSERT INTO teams (id, name, track) VALUES
    (1, 'Команда Общий поток', 'Общий поток');
INSERT INTO team_participants (team_id, user_id) VALUES
    (1, 2),
    (1, 3),
    (1, 5),
    (1, 11),
    (1, 14),
    (1, 15),
    (1, 17),
    (1, 18),
    (1, 20),
    (1, 26),
    (1, 28),
    (1, 30),
    (1, 35),
    (1, 42),
    (1, 44),
    (1, 47),
    (1, 48),
    (1, 54),
    (1, 55),
    (1, 58);
SET FOREIGN_KEY_CHECKS=1;
